--
-- PostgreSQL database dump
--

\restrict brQfY1aCjznQpueAuMJrhosCKamxMWLsI6qkoIKLmSRKhXoPtGsuqIW5kp2Bfio

-- Dumped from database version 17.6 (Debian 17.6-1.pgdg13+1)
-- Dumped by pg_dump version 17.6 (Debian 17.6-1.pgdg13+1)

SET statement_timeout = 0;
SET lock_timeout = 0;
SET idle_in_transaction_session_timeout = 0;
SET transaction_timeout = 0;
SET client_encoding = 'UTF8';
SET standard_conforming_strings = on;
SELECT pg_catalog.set_config('search_path', '', false);
SET check_function_bodies = false;
SET xmloption = content;
SET client_min_messages = warning;
SET row_security = off;

SET default_tablespace = '';

SET default_table_access_method = heap;

--
-- Name: auth_group; Type: TABLE; Schema: public; Owner: postgres
--

CREATE TABLE public.auth_group (
    id integer NOT NULL,
    name character varying(150) NOT NULL
);


ALTER TABLE public.auth_group OWNER TO postgres;

--
-- Name: auth_group_id_seq; Type: SEQUENCE; Schema: public; Owner: postgres
--

ALTER TABLE public.auth_group ALTER COLUMN id ADD GENERATED BY DEFAULT AS IDENTITY (
    SEQUENCE NAME public.auth_group_id_seq
    START WITH 1
    INCREMENT BY 1
    NO MINVALUE
    NO MAXVALUE
    CACHE 1
);


--
-- Name: auth_group_permissions; Type: TABLE; Schema: public; Owner: postgres
--

CREATE TABLE public.auth_group_permissions (
    id bigint NOT NULL,
    group_id integer NOT NULL,
    permission_id integer NOT NULL
);


ALTER TABLE public.auth_group_permissions OWNER TO postgres;

--
-- Name: auth_group_permissions_id_seq; Type: SEQUENCE; Schema: public; Owner: postgres
--

ALTER TABLE public.auth_group_permissions ALTER COLUMN id ADD GENERATED BY DEFAULT AS IDENTITY (
    SEQUENCE NAME public.auth_group_permissions_id_seq
    START WITH 1
    INCREMENT BY 1
    NO MINVALUE
    NO MAXVALUE
    CACHE 1
);


--
-- Name: auth_permission; Type: TABLE; Schema: public; Owner: postgres
--

CREATE TABLE public.auth_permission (
    id integer NOT NULL,
    name character varying(255) NOT NULL,
    content_type_id integer NOT NULL,
    codename character varying(100) NOT NULL
);


ALTER TABLE public.auth_permission OWNER TO postgres;

--
-- Name: auth_permission_id_seq; Type: SEQUENCE; Schema: public; Owner: postgres
--

ALTER TABLE public.auth_permission ALTER COLUMN id ADD GENERATED BY DEFAULT AS IDENTITY (
    SEQUENCE NAME public.auth_permission_id_seq
    START WITH 1
    INCREMENT BY 1
    NO MINVALUE
    NO MAXVALUE
    CACHE 1
);


--
-- Name: django_admin_log; Type: TABLE; Schema: public; Owner: postgres
--

CREATE TABLE public.django_admin_log (
    id integer NOT NULL,
    action_time timestamp with time zone NOT NULL,
    object_id text,
    object_repr character varying(200) NOT NULL,
    action_flag smallint NOT NULL,
    change_message text NOT NULL,
    content_type_id integer,
    user_id bigint NOT NULL,
    CONSTRAINT django_admin_log_action_flag_check CHECK ((action_flag >= 0))
);


ALTER TABLE public.django_admin_log OWNER TO postgres;

--
-- Name: django_admin_log_id_seq; Type: SEQUENCE; Schema: public; Owner: postgres
--

ALTER TABLE public.django_admin_log ALTER COLUMN id ADD GENERATED BY DEFAULT AS IDENTITY (
    SEQUENCE NAME public.django_admin_log_id_seq
    START WITH 1
    INCREMENT BY 1
    NO MINVALUE
    NO MAXVALUE
    CACHE 1
);


--
-- Name: django_content_type; Type: TABLE; Schema: public; Owner: postgres
--

CREATE TABLE public.django_content_type (
    id integer NOT NULL,
    app_label character varying(100) NOT NULL,
    model character varying(100) NOT NULL
);


ALTER TABLE public.django_content_type OWNER TO postgres;

--
-- Name: django_content_type_id_seq; Type: SEQUENCE; Schema: public; Owner: postgres
--

ALTER TABLE public.django_content_type ALTER COLUMN id ADD GENERATED BY DEFAULT AS IDENTITY (
    SEQUENCE NAME public.django_content_type_id_seq
    START WITH 1
    INCREMENT BY 1
    NO MINVALUE
    NO MAXVALUE
    CACHE 1
);


--
-- Name: django_migrations; Type: TABLE; Schema: public; Owner: postgres
--

CREATE TABLE public.django_migrations (
    id bigint NOT NULL,
    app character varying(255) NOT NULL,
    name character varying(255) NOT NULL,
    applied timestamp with time zone NOT NULL
);


ALTER TABLE public.django_migrations OWNER TO postgres;

--
-- Name: django_migrations_id_seq; Type: SEQUENCE; Schema: public; Owner: postgres
--

ALTER TABLE public.django_migrations ALTER COLUMN id ADD GENERATED BY DEFAULT AS IDENTITY (
    SEQUENCE NAME public.django_migrations_id_seq
    START WITH 1
    INCREMENT BY 1
    NO MINVALUE
    NO MAXVALUE
    CACHE 1
);


--
-- Name: django_session; Type: TABLE; Schema: public; Owner: postgres
--

CREATE TABLE public.django_session (
    session_key character varying(40) NOT NULL,
    session_data text NOT NULL,
    expire_date timestamp with time zone NOT NULL
);


ALTER TABLE public.django_session OWNER TO postgres;

--
-- Name: management_myuser; Type: TABLE; Schema: public; Owner: postgres
--

CREATE TABLE public.management_myuser (
    id bigint NOT NULL,
    password character varying(128) NOT NULL,
    last_login timestamp with time zone,
    is_superuser boolean NOT NULL,
    username character varying(150) NOT NULL,
    first_name character varying(150) NOT NULL,
    last_name character varying(150) NOT NULL,
    email character varying(254) NOT NULL,
    is_staff boolean NOT NULL,
    is_active boolean NOT NULL,
    date_joined timestamp with time zone NOT NULL,
    role integer NOT NULL
);


ALTER TABLE public.management_myuser OWNER TO postgres;

--
-- Name: management_myuser_groups; Type: TABLE; Schema: public; Owner: postgres
--

CREATE TABLE public.management_myuser_groups (
    id bigint NOT NULL,
    myuser_id bigint NOT NULL,
    group_id integer NOT NULL
);


ALTER TABLE public.management_myuser_groups OWNER TO postgres;

--
-- Name: management_myuser_groups_id_seq; Type: SEQUENCE; Schema: public; Owner: postgres
--

ALTER TABLE public.management_myuser_groups ALTER COLUMN id ADD GENERATED BY DEFAULT AS IDENTITY (
    SEQUENCE NAME public.management_myuser_groups_id_seq
    START WITH 1
    INCREMENT BY 1
    NO MINVALUE
    NO MAXVALUE
    CACHE 1
);


--
-- Name: management_myuser_id_seq; Type: SEQUENCE; Schema: public; Owner: postgres
--

ALTER TABLE public.management_myuser ALTER COLUMN id ADD GENERATED BY DEFAULT AS IDENTITY (
    SEQUENCE NAME public.management_myuser_id_seq
    START WITH 1
    INCREMENT BY 1
    NO MINVALUE
    NO MAXVALUE
    CACHE 1
);


--
-- Name: management_myuser_user_permissions; Type: TABLE; Schema: public; Owner: postgres
--

CREATE TABLE public.management_myuser_user_permissions (
    id bigint NOT NULL,
    myuser_id bigint NOT NULL,
    permission_id integer NOT NULL
);


ALTER TABLE public.management_myuser_user_permissions OWNER TO postgres;

--
-- Name: management_myuser_user_permissions_id_seq; Type: SEQUENCE; Schema: public; Owner: postgres
--

ALTER TABLE public.management_myuser_user_permissions ALTER COLUMN id ADD GENERATED BY DEFAULT AS IDENTITY (
    SEQUENCE NAME public.management_myuser_user_permissions_id_seq
    START WITH 1
    INCREMENT BY 1
    NO MINVALUE
    NO MAXVALUE
    CACHE 1
);


--
-- Name: management_student; Type: TABLE; Schema: public; Owner: postgres
--

CREATE TABLE public.management_student (
    id bigint NOT NULL,
    name character varying(256),
    subject character varying(256),
    mark integer NOT NULL
);


ALTER TABLE public.management_student OWNER TO postgres;

--
-- Name: management_student_id_seq; Type: SEQUENCE; Schema: public; Owner: postgres
--

ALTER TABLE public.management_student ALTER COLUMN id ADD GENERATED BY DEFAULT AS IDENTITY (
    SEQUENCE NAME public.management_student_id_seq
    START WITH 1
    INCREMENT BY 1
    NO MINVALUE
    NO MAXVALUE
    CACHE 1
);


--
-- Data for Name: auth_group; Type: TABLE DATA; Schema: public; Owner: postgres
--

COPY public.auth_group (id, name) FROM stdin;
\.


--
-- Data for Name: auth_group_permissions; Type: TABLE DATA; Schema: public; Owner: postgres
--

COPY public.auth_group_permissions (id, group_id, permission_id) FROM stdin;
\.


--
-- Data for Name: auth_permission; Type: TABLE DATA; Schema: public; Owner: postgres
--

COPY public.auth_permission (id, name, content_type_id, codename) FROM stdin;
1	Can add log entry	1	add_logentry
2	Can change log entry	1	change_logentry
3	Can delete log entry	1	delete_logentry
4	Can view log entry	1	view_logentry
5	Can add permission	2	add_permission
6	Can change permission	2	change_permission
7	Can delete permission	2	delete_permission
8	Can view permission	2	view_permission
9	Can add group	3	add_group
10	Can change group	3	change_group
11	Can delete group	3	delete_group
12	Can view group	3	view_group
13	Can add content type	4	add_contenttype
14	Can change content type	4	change_contenttype
15	Can delete content type	4	delete_contenttype
16	Can view content type	4	view_contenttype
17	Can add session	5	add_session
18	Can change session	5	change_session
19	Can delete session	5	delete_session
20	Can view session	5	view_session
21	Can add student	6	add_student
22	Can change student	6	change_student
23	Can delete student	6	delete_student
24	Can view student	6	view_student
25	Can add My User	7	add_myuser
26	Can change My User	7	change_myuser
27	Can delete My User	7	delete_myuser
28	Can view My User	7	view_myuser
\.


--
-- Data for Name: django_admin_log; Type: TABLE DATA; Schema: public; Owner: postgres
--

COPY public.django_admin_log (id, action_time, object_id, object_repr, action_flag, change_message, content_type_id, user_id) FROM stdin;
1	2025-08-24 15:11:21.249244+00	1	abhishek admin (pgdb - 10)	1	[{"added": {}}]	6	1
2	2025-08-24 15:11:37.813458+00	2	1 - abhishek	1	[{"added": {}}]	7	1
3	2025-08-24 15:11:40.743908+00	2	1 - abhishek	2	[]	7	1
\.


--
-- Data for Name: django_content_type; Type: TABLE DATA; Schema: public; Owner: postgres
--

COPY public.django_content_type (id, app_label, model) FROM stdin;
1	admin	logentry
2	auth	permission
3	auth	group
4	contenttypes	contenttype
5	sessions	session
6	management	student
7	management	myuser
\.


--
-- Data for Name: django_migrations; Type: TABLE DATA; Schema: public; Owner: postgres
--

COPY public.django_migrations (id, app, name, applied) FROM stdin;
1	contenttypes	0001_initial	2025-08-24 14:58:01.167939+00
2	contenttypes	0002_remove_content_type_name	2025-08-24 14:58:01.179155+00
3	auth	0001_initial	2025-08-24 14:58:01.218772+00
4	auth	0002_alter_permission_name_max_length	2025-08-24 14:58:01.226359+00
5	auth	0003_alter_user_email_max_length	2025-08-24 14:58:01.23488+00
6	auth	0004_alter_user_username_opts	2025-08-24 14:58:01.242495+00
7	auth	0005_alter_user_last_login_null	2025-08-24 14:58:01.250733+00
8	auth	0006_require_contenttypes_0002	2025-08-24 14:58:01.253445+00
9	auth	0007_alter_validators_add_error_messages	2025-08-24 14:58:01.262994+00
10	auth	0008_alter_user_username_max_length	2025-08-24 14:58:01.270492+00
11	auth	0009_alter_user_last_name_max_length	2025-08-24 14:58:01.279613+00
12	auth	0010_alter_group_name_max_length	2025-08-24 14:58:01.28749+00
13	auth	0011_update_proxy_permissions	2025-08-24 14:58:01.295433+00
14	auth	0012_alter_user_first_name_max_length	2025-08-24 14:58:01.302967+00
15	management	0001_initial	2025-08-24 14:58:01.337543+00
16	admin	0001_initial	2025-08-24 14:58:01.361141+00
17	admin	0002_logentry_remove_auto_add	2025-08-24 14:58:01.372364+00
18	admin	0003_logentry_add_action_flag_choices	2025-08-24 14:58:01.406496+00
19	management	0002_alter_myuser_role	2025-08-24 14:58:01.417587+00
20	sessions	0001_initial	2025-08-24 14:58:01.428091+00
\.


--
-- Data for Name: django_session; Type: TABLE DATA; Schema: public; Owner: postgres
--

COPY public.django_session (session_key, session_data, expire_date) FROM stdin;
kx8ewkcpjh1z8fz1hdhvh72hzuh7dxy0	.eJxVjDsOwjAQBe_iGln-b0JJzxmsXa_BAWRLcVIh7k4ipYD2zcx7i4jrUuLa8xwnFmdhxOl3I0zPXHfAD6z3JlOryzyR3BV50C6vjfPrcrh_BwV72WrN1jrFFtg7R4ksox9ABwRUFmy-gVNEachBG8x6DKMCb8BswJMDLz5f03M3Pg:1uqCNy:L7KILCZw2r5K2UXrg2vSnYh0LQrvIb6h4Se43nRJjXk	2025-09-07 15:11:58.024819+00
\.


--
-- Data for Name: management_myuser; Type: TABLE DATA; Schema: public; Owner: postgres
--

COPY public.management_myuser (id, password, last_login, is_superuser, username, first_name, last_name, email, is_staff, is_active, date_joined, role) FROM stdin;
1	pbkdf2_sha256$1000000$GVSlDNT5dSwnZIpE3sroau$uJzGVB9gH/s/oAQkPrvr93eu4mIpgRkZ3/rpETBQtcA=	2025-08-24 15:11:00.946149+00	t	admin				t	t	2025-08-24 15:09:28.737511+00	1
2	pbkdf2_sha256$1000000$dbC9FDbXWns9l76EO3mb1Z$bOeJCpJdNMymY6HgK4Ogp/XtD9AM7H14ttsC5pZDyx4=	2025-08-24 15:11:58.02204+00	f	abhishek				f	t	2025-08-24 15:11:37.597105+00	1
\.


--
-- Data for Name: management_myuser_groups; Type: TABLE DATA; Schema: public; Owner: postgres
--

COPY public.management_myuser_groups (id, myuser_id, group_id) FROM stdin;
\.


--
-- Data for Name: management_myuser_user_permissions; Type: TABLE DATA; Schema: public; Owner: postgres
--

COPY public.management_myuser_user_permissions (id, myuser_id, permission_id) FROM stdin;
\.


--
-- Data for Name: management_student; Type: TABLE DATA; Schema: public; Owner: postgres
--

COPY public.management_student (id, name, subject, mark) FROM stdin;
1	abhishek admin	pgdb	10
\.


--
-- Name: auth_group_id_seq; Type: SEQUENCE SET; Schema: public; Owner: postgres
--

SELECT pg_catalog.setval('public.auth_group_id_seq', 1, false);


--
-- Name: auth_group_permissions_id_seq; Type: SEQUENCE SET; Schema: public; Owner: postgres
--

SELECT pg_catalog.setval('public.auth_group_permissions_id_seq', 1, false);


--
-- Name: auth_permission_id_seq; Type: SEQUENCE SET; Schema: public; Owner: postgres
--

SELECT pg_catalog.setval('public.auth_permission_id_seq', 28, true);


--
-- Name: django_admin_log_id_seq; Type: SEQUENCE SET; Schema: public; Owner: postgres
--

SELECT pg_catalog.setval('public.django_admin_log_id_seq', 3, true);


--
-- Name: django_content_type_id_seq; Type: SEQUENCE SET; Schema: public; Owner: postgres
--

SELECT pg_catalog.setval('public.django_content_type_id_seq', 7, true);


--
-- Name: django_migrations_id_seq; Type: SEQUENCE SET; Schema: public; Owner: postgres
--

SELECT pg_catalog.setval('public.django_migrations_id_seq', 20, true);


--
-- Name: management_myuser_groups_id_seq; Type: SEQUENCE SET; Schema: public; Owner: postgres
--

SELECT pg_catalog.setval('public.management_myuser_groups_id_seq', 1, false);


--
-- Name: management_myuser_id_seq; Type: SEQUENCE SET; Schema: public; Owner: postgres
--

SELECT pg_catalog.setval('public.management_myuser_id_seq', 2, true);


--
-- Name: management_myuser_user_permissions_id_seq; Type: SEQUENCE SET; Schema: public; Owner: postgres
--

SELECT pg_catalog.setval('public.management_myuser_user_permissions_id_seq', 1, false);


--
-- Name: management_student_id_seq; Type: SEQUENCE SET; Schema: public; Owner: postgres
--

SELECT pg_catalog.setval('public.management_student_id_seq', 1, true);


--
-- Name: auth_group auth_group_name_key; Type: CONSTRAINT; Schema: public; Owner: postgres
--

ALTER TABLE ONLY public.auth_group
    ADD CONSTRAINT auth_group_name_key UNIQUE (name);


--
-- Name: auth_group_permissions auth_group_permissions_group_id_permission_id_0cd325b0_uniq; Type: CONSTRAINT; Schema: public; Owner: postgres
--

ALTER TABLE ONLY public.auth_group_permissions
    ADD CONSTRAINT auth_group_permissions_group_id_permission_id_0cd325b0_uniq UNIQUE (group_id, permission_id);


--
-- Name: auth_group_permissions auth_group_permissions_pkey; Type: CONSTRAINT; Schema: public; Owner: postgres
--

ALTER TABLE ONLY public.auth_group_permissions
    ADD CONSTRAINT auth_group_permissions_pkey PRIMARY KEY (id);


--
-- Name: auth_group auth_group_pkey; Type: CONSTRAINT; Schema: public; Owner: postgres
--

ALTER TABLE ONLY public.auth_group
    ADD CONSTRAINT auth_group_pkey PRIMARY KEY (id);


--
-- Name: auth_permission auth_permission_content_type_id_codename_01ab375a_uniq; Type: CONSTRAINT; Schema: public; Owner: postgres
--

ALTER TABLE ONLY public.auth_permission
    ADD CONSTRAINT auth_permission_content_type_id_codename_01ab375a_uniq UNIQUE (content_type_id, codename);


--
-- Name: auth_permission auth_permission_pkey; Type: CONSTRAINT; Schema: public; Owner: postgres
--

ALTER TABLE ONLY public.auth_permission
    ADD CONSTRAINT auth_permission_pkey PRIMARY KEY (id);


--
-- Name: django_admin_log django_admin_log_pkey; Type: CONSTRAINT; Schema: public; Owner: postgres
--

ALTER TABLE ONLY public.django_admin_log
    ADD CONSTRAINT django_admin_log_pkey PRIMARY KEY (id);


--
-- Name: django_content_type django_content_type_app_label_model_76bd3d3b_uniq; Type: CONSTRAINT; Schema: public; Owner: postgres
--

ALTER TABLE ONLY public.django_content_type
    ADD CONSTRAINT django_content_type_app_label_model_76bd3d3b_uniq UNIQUE (app_label, model);


--
-- Name: django_content_type django_content_type_pkey; Type: CONSTRAINT; Schema: public; Owner: postgres
--

ALTER TABLE ONLY public.django_content_type
    ADD CONSTRAINT django_content_type_pkey PRIMARY KEY (id);


--
-- Name: django_migrations django_migrations_pkey; Type: CONSTRAINT; Schema: public; Owner: postgres
--

ALTER TABLE ONLY public.django_migrations
    ADD CONSTRAINT django_migrations_pkey PRIMARY KEY (id);


--
-- Name: django_session django_session_pkey; Type: CONSTRAINT; Schema: public; Owner: postgres
--

ALTER TABLE ONLY public.django_session
    ADD CONSTRAINT django_session_pkey PRIMARY KEY (session_key);


--
-- Name: management_myuser_groups management_myuser_groups_myuser_id_group_id_ed7bd1d0_uniq; Type: CONSTRAINT; Schema: public; Owner: postgres
--

ALTER TABLE ONLY public.management_myuser_groups
    ADD CONSTRAINT management_myuser_groups_myuser_id_group_id_ed7bd1d0_uniq UNIQUE (myuser_id, group_id);


--
-- Name: management_myuser_groups management_myuser_groups_pkey; Type: CONSTRAINT; Schema: public; Owner: postgres
--

ALTER TABLE ONLY public.management_myuser_groups
    ADD CONSTRAINT management_myuser_groups_pkey PRIMARY KEY (id);


--
-- Name: management_myuser management_myuser_pkey; Type: CONSTRAINT; Schema: public; Owner: postgres
--

ALTER TABLE ONLY public.management_myuser
    ADD CONSTRAINT management_myuser_pkey PRIMARY KEY (id);


--
-- Name: management_myuser_user_permissions management_myuser_user_p_myuser_id_permission_id_ac9569ea_uniq; Type: CONSTRAINT; Schema: public; Owner: postgres
--

ALTER TABLE ONLY public.management_myuser_user_permissions
    ADD CONSTRAINT management_myuser_user_p_myuser_id_permission_id_ac9569ea_uniq UNIQUE (myuser_id, permission_id);


--
-- Name: management_myuser_user_permissions management_myuser_user_permissions_pkey; Type: CONSTRAINT; Schema: public; Owner: postgres
--

ALTER TABLE ONLY public.management_myuser_user_permissions
    ADD CONSTRAINT management_myuser_user_permissions_pkey PRIMARY KEY (id);


--
-- Name: management_myuser management_myuser_username_key; Type: CONSTRAINT; Schema: public; Owner: postgres
--

ALTER TABLE ONLY public.management_myuser
    ADD CONSTRAINT management_myuser_username_key UNIQUE (username);


--
-- Name: management_student management_student_pkey; Type: CONSTRAINT; Schema: public; Owner: postgres
--

ALTER TABLE ONLY public.management_student
    ADD CONSTRAINT management_student_pkey PRIMARY KEY (id);


--
-- Name: auth_group_name_a6ea08ec_like; Type: INDEX; Schema: public; Owner: postgres
--

CREATE INDEX auth_group_name_a6ea08ec_like ON public.auth_group USING btree (name varchar_pattern_ops);


--
-- Name: auth_group_permissions_group_id_b120cbf9; Type: INDEX; Schema: public; Owner: postgres
--

CREATE INDEX auth_group_permissions_group_id_b120cbf9 ON public.auth_group_permissions USING btree (group_id);


--
-- Name: auth_group_permissions_permission_id_84c5c92e; Type: INDEX; Schema: public; Owner: postgres
--

CREATE INDEX auth_group_permissions_permission_id_84c5c92e ON public.auth_group_permissions USING btree (permission_id);


--
-- Name: auth_permission_content_type_id_2f476e4b; Type: INDEX; Schema: public; Owner: postgres
--

CREATE INDEX auth_permission_content_type_id_2f476e4b ON public.auth_permission USING btree (content_type_id);


--
-- Name: django_admin_log_content_type_id_c4bce8eb; Type: INDEX; Schema: public; Owner: postgres
--

CREATE INDEX django_admin_log_content_type_id_c4bce8eb ON public.django_admin_log USING btree (content_type_id);


--
-- Name: django_admin_log_user_id_c564eba6; Type: INDEX; Schema: public; Owner: postgres
--

CREATE INDEX django_admin_log_user_id_c564eba6 ON public.django_admin_log USING btree (user_id);


--
-- Name: django_session_expire_date_a5c62663; Type: INDEX; Schema: public; Owner: postgres
--

CREATE INDEX django_session_expire_date_a5c62663 ON public.django_session USING btree (expire_date);


--
-- Name: django_session_session_key_c0390e0f_like; Type: INDEX; Schema: public; Owner: postgres
--

CREATE INDEX django_session_session_key_c0390e0f_like ON public.django_session USING btree (session_key varchar_pattern_ops);


--
-- Name: management_myuser_groups_group_id_a1544b9e; Type: INDEX; Schema: public; Owner: postgres
--

CREATE INDEX management_myuser_groups_group_id_a1544b9e ON public.management_myuser_groups USING btree (group_id);


--
-- Name: management_myuser_groups_myuser_id_fb08e76a; Type: INDEX; Schema: public; Owner: postgres
--

CREATE INDEX management_myuser_groups_myuser_id_fb08e76a ON public.management_myuser_groups USING btree (myuser_id);


--
-- Name: management_myuser_user_permissions_myuser_id_8dcb1d31; Type: INDEX; Schema: public; Owner: postgres
--

CREATE INDEX management_myuser_user_permissions_myuser_id_8dcb1d31 ON public.management_myuser_user_permissions USING btree (myuser_id);


--
-- Name: management_myuser_user_permissions_permission_id_2a9a3a3a; Type: INDEX; Schema: public; Owner: postgres
--

CREATE INDEX management_myuser_user_permissions_permission_id_2a9a3a3a ON public.management_myuser_user_permissions USING btree (permission_id);


--
-- Name: management_myuser_username_3287ccf9_like; Type: INDEX; Schema: public; Owner: postgres
--

CREATE INDEX management_myuser_username_3287ccf9_like ON public.management_myuser USING btree (username varchar_pattern_ops);


--
-- Name: auth_group_permissions auth_group_permissio_permission_id_84c5c92e_fk_auth_perm; Type: FK CONSTRAINT; Schema: public; Owner: postgres
--

ALTER TABLE ONLY public.auth_group_permissions
    ADD CONSTRAINT auth_group_permissio_permission_id_84c5c92e_fk_auth_perm FOREIGN KEY (permission_id) REFERENCES public.auth_permission(id) DEFERRABLE INITIALLY DEFERRED;


--
-- Name: auth_group_permissions auth_group_permissions_group_id_b120cbf9_fk_auth_group_id; Type: FK CONSTRAINT; Schema: public; Owner: postgres
--

ALTER TABLE ONLY public.auth_group_permissions
    ADD CONSTRAINT auth_group_permissions_group_id_b120cbf9_fk_auth_group_id FOREIGN KEY (group_id) REFERENCES public.auth_group(id) DEFERRABLE INITIALLY DEFERRED;


--
-- Name: auth_permission auth_permission_content_type_id_2f476e4b_fk_django_co; Type: FK CONSTRAINT; Schema: public; Owner: postgres
--

ALTER TABLE ONLY public.auth_permission
    ADD CONSTRAINT auth_permission_content_type_id_2f476e4b_fk_django_co FOREIGN KEY (content_type_id) REFERENCES public.django_content_type(id) DEFERRABLE INITIALLY DEFERRED;


--
-- Name: django_admin_log django_admin_log_content_type_id_c4bce8eb_fk_django_co; Type: FK CONSTRAINT; Schema: public; Owner: postgres
--

ALTER TABLE ONLY public.django_admin_log
    ADD CONSTRAINT django_admin_log_content_type_id_c4bce8eb_fk_django_co FOREIGN KEY (content_type_id) REFERENCES public.django_content_type(id) DEFERRABLE INITIALLY DEFERRED;


--
-- Name: django_admin_log django_admin_log_user_id_c564eba6_fk_management_myuser_id; Type: FK CONSTRAINT; Schema: public; Owner: postgres
--

ALTER TABLE ONLY public.django_admin_log
    ADD CONSTRAINT django_admin_log_user_id_c564eba6_fk_management_myuser_id FOREIGN KEY (user_id) REFERENCES public.management_myuser(id) DEFERRABLE INITIALLY DEFERRED;


--
-- Name: management_myuser_groups management_myuser_gr_myuser_id_fb08e76a_fk_managemen; Type: FK CONSTRAINT; Schema: public; Owner: postgres
--

ALTER TABLE ONLY public.management_myuser_groups
    ADD CONSTRAINT management_myuser_gr_myuser_id_fb08e76a_fk_managemen FOREIGN KEY (myuser_id) REFERENCES public.management_myuser(id) DEFERRABLE INITIALLY DEFERRED;


--
-- Name: management_myuser_groups management_myuser_groups_group_id_a1544b9e_fk_auth_group_id; Type: FK CONSTRAINT; Schema: public; Owner: postgres
--

ALTER TABLE ONLY public.management_myuser_groups
    ADD CONSTRAINT management_myuser_groups_group_id_a1544b9e_fk_auth_group_id FOREIGN KEY (group_id) REFERENCES public.auth_group(id) DEFERRABLE INITIALLY DEFERRED;


--
-- Name: management_myuser_user_permissions management_myuser_us_myuser_id_8dcb1d31_fk_managemen; Type: FK CONSTRAINT; Schema: public; Owner: postgres
--

ALTER TABLE ONLY public.management_myuser_user_permissions
    ADD CONSTRAINT management_myuser_us_myuser_id_8dcb1d31_fk_managemen FOREIGN KEY (myuser_id) REFERENCES public.management_myuser(id) DEFERRABLE INITIALLY DEFERRED;


--
-- Name: management_myuser_user_permissions management_myuser_us_permission_id_2a9a3a3a_fk_auth_perm; Type: FK CONSTRAINT; Schema: public; Owner: postgres
--

ALTER TABLE ONLY public.management_myuser_user_permissions
    ADD CONSTRAINT management_myuser_us_permission_id_2a9a3a3a_fk_auth_perm FOREIGN KEY (permission_id) REFERENCES public.auth_permission(id) DEFERRABLE INITIALLY DEFERRED;


--
-- PostgreSQL database dump complete
--

\unrestrict brQfY1aCjznQpueAuMJrhosCKamxMWLsI6qkoIKLmSRKhXoPtGsuqIW5kp2Bfio

